中转IP,中转端口,回源IP,国家,数据中心,IP类型,网络延迟
8.210.92.27,443,8.210.92.27,HK,Hong Kong,中转,52 ms
47.238.235.163,443,47.238.235.163,HK,Hong Kong,中转,51 ms
8.218.63.172,443,8.218.63.172,HK,Hong Kong,中转,52 ms
8.217.90.154,443,8.217.90.154,HK,Hong Kong,中转,49 ms
47.238.3.84,443,47.245.197.107,DE,Frankfurt,隧道,56 ms
8.209.110.153,443,2a0b:21c0:1007:1ca:0:d152:dc04:2b2d,DE,Frankfurt,隧道,210 ms
47.57.245.232,443,47.88.1.44,US,San Jose,隧道,53 ms
47.242.68.32,443,47.242.68.32,HK,Hong Kong,中转,54 ms
47.254.153.254,443,2a0b:21c0:1007:1c9:0:7f33:626b:a84d,DE,Frankfurt,隧道,194 ms
8.209.90.243,443,2a0b:21c0:1007:1ca:0:d5b7:a7eb:69ae,DE,Frankfurt,隧道,200 ms
47.251.74.226,443,104.166.125.210,US,Los Angeles,隧道,304 ms
8.219.106.156,443,8.219.106.156,SG,Singapore,中转,275 ms
47.236.113.184,443,47.236.113.184,SG,Singapore,中转,428 ms
